20260393,1030,schaerbeek,house,for-sale,495000495000,100,120,3,2,No,Hyper equipped,As new,2,2,None,1928,299,F,Non flood zone,12,34,No,No,Yes,Not a public sale,None,https://www.immoweb.be/en/classified/house/for-sale/schaerbeek/1030/20260393
20260850,1150,woluwe-saint-pierre,house,for-sale,575000575000,137,177,5,1,No,Not installed,To renovate,2,2,None,1949,338,F,Non flood zone,60,30,No,No,Yes,Not a public sale,None,https://www.immoweb.be/en/classified/house/for-sale/woluwe-saint-pierre/1150/20260850
20262780,2640,mortsel,ground-floor,for-sale,225000225000,None,55,1,1,None,Installed,Good,2,2,None,1956,316,D,Possible flood zone,106,30,None,None,None,Not a public sale,None,https://www.immoweb.be/en/classified/ground-floor/for-sale/mortsel/2640/20262780
20262067,3300,tienen,apartment,for-sale,189000189000,None,81,2,1,None,None,To renovate,4,10,1,1972,202,C,Non flood zone,None,22,None,Yes,Yes,Not a public sale,None,https://www.immoweb.be/en/classified/apartment/for-sale/tienen/3300/20262067
20261211,2100,antwerpen,apartment,for-sale,174900174900,None,70,2,1,None,Installed,To be done up,2,2,1,1963,114,B,Non flood zone,None,3,None,None,Yes,Not a public sale,None,https://www.immoweb.be/en/classified/apartment/for-sale/antwerpen/2100/20261211
20259276,9400,ninove,apartment,for-sale,299000299000,None,153,3,2,None,Installed,Good,2,None,2,2006,92,A,Non flood zone,None,6,None,Yes,Yes,Not a public sale,None,https://www.immoweb.be/en/classified/apartment/for-sale/ninove/9400/20259276
20254967,9230,wetteren,house,for-sale,740000740000,1481,252,4,2,None,Semi equipped,To be done up,4,None,None,1978,278,C,Non flood zone,1292,40,None,None,Yes,Not a public sale,None,https://www.immoweb.be/en/classified/house/for-sale/wetteren/9230/20254967
20256995,2600,berchem,apartment,for-sale,322500322500,None,100,3,1,None,Installed,Just renovated,2,5,2,1965,144,B,Non flood zone,None,4,None,Yes,Yes,Not a public sale,None,https://www.immoweb.be/en/classified/apartment/for-sale/berchem/2600/20256995
20257881,2140,borgerhout,apartment,for-sale,209000209000,None,88,2,1,None,Installed,Good,2,6,4,1965,177,B,Non flood zone,None,8,None,Yes,None,Not a public sale,None,https://www.immoweb.be/en/classified/apartment/for-sale/borgerhout/2140/20257881
20259522,2170,antwerpen,ground-floor,for-sale,329900329900,None,125,3,1,None,Installed,Just renovated,2,7,None,1975,248,C,Non flood zone,150,None,None,Yes,None,Not a public sale,None,https://www.immoweb.be/en/classified/ground-floor/for-sale/antwerpen/2170/20259522
20257426,1200,woluwe-saint-lambert,apartment,for-sale,495000495000,None,90,2,1,No,Installed,As new,2,6,6,2007,226,E,Non flood zone,None,8,No,Yes,Yes,Not a public sale,None,https://www.immoweb.be/en/classified/apartment/for-sale/woluwe-saint-lambert/1200/20257426
20262832,1020,laeken,apartment,for-sale,270000270000,None,99,2,None,None,Hyper equipped,Just renovated,None,None,2,1967,212,E,None,None,None,None,Yes,Yes,Not a public sale,None,https://www.immoweb.be/en/classified/apartment/for-sale/laeken/1020/20262832
20260363,7950,ladeuze,villa,for-sale,215000215000,1080,136,3,1,None,Semi equipped,To renovate,4,None,None,1953,563,G,None,1080,None,None,None,Yes,Not a public sale,None,https://www.immoweb.be/en/classified/villa/for-sale/ladeuze/7950/20260363
20262812,8301,heist-aan-zee,house,for-sale,669000669000,None,128,3,2,None,None,As new,3,3,None,1956,193,B,Non flood zone,65,65,None,No,None,Not a public sale,None,https://www.immoweb.be/en/classified/house/for-sale/heist-aan-zee/8301/20262812
20262809,8020,oostkamp,house,for-sale,625000625000,1160,241,4,2,None,None,Good,4,2,None,2008,106,B,Non flood zone,833,40,None,No,None,Not a public sale,None,https://www.immoweb.be/en/classified/house/for-sale/oostkamp/8020/20262809
20262802,1180,uccle,villa,for-sale,16950001695000,412,450,3,3,No,Hyper equipped,Good,3,2,None,1959,384,G,Non flood zone,233,60,No,No,Yes,Not a public sale,None,https://www.immoweb.be/en/classified/villa/for-sale/uccle/1180/20262802
20262797,7100,la%20louvi%C3%A8re,apartment,for-sale,179000179000,None,75,2,None,None,Installed,Good,2,None,None,None,231,C,None,None,None,None,None,14,Not a public sale,None,https://www.immoweb.be/en/classified/apartment/for-sale/la%20louvi%C3%A8re/7100/20262797
20262795,1700,dilbeek,mixed-use-building,for-sale,895000895000,2450,885,None,None,None,None,None,4,None,None,None,380,D,None,None,None,None,None,None,Not a public sale,None,https://www.immoweb.be/en/classified/mixed-use-building/for-sale/dilbeek/1700/20262795
20262796,8020,oostkamp,manor-house,for-sale,17500001750000,18131,445,8,8,None,None,As new,4,None,None,1930,422,E,Non flood zone,None,None,Yes,No,None,Not a public sale,None,https://www.immoweb.be/en/classified/manor-house/for-sale/oostkamp/8020/20262796
20262793,1700,dilbeek,mixed-use-building,for-sale,895000895000,2450,885,None,None,None,None,None,4,None,None,None,380,D,None,None,None,None,None,None,Not a public sale,None,https://www.immoweb.be/en/classified/mixed-use-building/for-sale/dilbeek/1700/20262793
20262790,1750,lennik,mixed-use-building,for-sale,895000895000,2450,885,4,None,None,None,None,4,None,None,None,380,D,None,None,None,None,None,None,Not a public sale,None,https://www.immoweb.be/en/classified/mixed-use-building/for-sale/lennik/1750/20262790
20262791,1750,lennik,villa,for-sale,895000895000,2450,885,4,None,None,None,None,4,None,None,None,380,D,None,None,None,None,None,None,Not a public sale,None,https://www.immoweb.be/en/classified/villa/for-sale/lennik/1750/20262791
20225638,8430,middelkerke,flat-studio,for-sale,110000110000120000,None,39,None,1,Yes,Semi equipped,Good,2,2,None,None,337,D,None,None,None,None,None,None,Not a public sale,None,https://www.immoweb.be/en/classified/flat-studio/for-sale/middelkerke/8430/20225638
20262787,8600,diksmuide,apartment,for-sale,273500273500,None,67,2,None,None,None,None,None,None,3,None,None,C,None,None,None,None,None,None,Not a public sale,None,https://www.immoweb.be/en/classified/apartment/for-sale/diksmuide/8600/20262787
20086613,4190,xhoris,house,for-sale,259000259000269000,950,70,1,1,None,Installed,Just renovated,4,None,None,None,473,F,None,950,17,None,None,Yes,Not a public sale,None,https://www.immoweb.be/en/classified/house/for-sale/xhoris/4190/20086613
11128146,1180,uccle,villa,for-sale,215000021500002595000,3237,549,8,7,No,Semi equipped,To renovate,4,1,None,1968,493,G,Non flood zone,3200,75,No,No,Yes,Not a public sale,None,https://www.immoweb.be/en/classified/villa/for-sale/uccle/1180/11128146
20262783,8620,nieuwpoort,apartment,for-sale,355000355000,None,70,2,1,Yes,Installed,Good,4,3,1,2004,112,B,None,None,None,None,Yes,Yes,Not a public sale,None,https://www.immoweb.be/en/classified/apartment/for-sale/nieuwpoort/8620/20262783
20262784,1180,uccle,apartment,for-sale,390000390000,None,115,2,1,None,Installed,Good,4,4,4,1980,179,D,Non flood zone,None,None,No,Yes,Yes,Not a public sale,None,https://www.immoweb.be/en/classified/apartment/for-sale/uccle/1180/20262784
20262777,4000,li%C3%A8ge,apartment,for-sale,249500249500,None,80,2,1,No,Hyper equipped,Just renovated,None,12,1,1974,153,B,Non flood zone,None,16,No,Yes,Yes,Not a public sale,Make an offer,https://www.immoweb.be/en/classified/apartment/for-sale/li%C3%A8ge/4000/20262777
20262776,3920,lommel,house,for-sale,499000499000,665,204,3,1,No,None,None,4,None,None,2016,94,A,Non flood zone,None,None,No,No,None,Not a public sale,None,https://www.immoweb.be/en/classified/house/for-sale/lommel/3920/20262776
20262775,8870,izegem,house,for-sale,240000240000,200,146,3,None,None,None,As new,2,None,None,1928,399,D,None,None,None,None,None,Yes,Not a public sale,None,https://www.immoweb.be/en/classified/house/for-sale/izegem/8870/20262775
20262774,8750,zwevezele,house,for-sale,178500178500,243,183,4,None,None,None,None,4,None,None,None,990,F,None,None,None,None,None,None,Not a public sale,None,https://www.immoweb.be/en/classified/house/for-sale/zwevezele/8750/20262774
20262773,8580,avelgem,apartment,for-sale,169998169998,None,84,2,None,None,None,As new,3,None,None,None,254,C,None,None,None,None,None,Yes,Not a public sale,None,https://www.immoweb.be/en/classified/apartment/for-sale/avelgem/8580/20262773
10379148,1180,uccle,villa,for-sale,215000021500002595000,3237,500,5,3,No,Hyper equipped,To be done up,4,2,None,1968,493,G,Non flood zone,3200,150,No,No,Yes,Not a public sale,None,https://www.immoweb.be/en/classified/villa/for-sale/uccle/1180/10379148
20262769,4000,li%C3%A8ge,penthouse,for-sale,860000860000,None,197,3,2,None,None,As new,2,None,5,2024,None,A,None,None,170,None,Yes,25,Not a public sale,None,https://www.immoweb.be/en/classified/penthouse/for-sale/li%C3%A8ge/4000/20262769
20262767,2000,antwerpen,apartment,for-sale,449000449000,None,119,2,1,None,None,Good,2,None,None,2006,262,C,Non flood zone,None,17,No,Yes,None,Not a public sale,None,https://www.immoweb.be/en/classified/apartment/for-sale/antwerpen/2000/20262767
20261667,1190,forest,apartment,for-sale,169000169000,None,57,1,1,No,Not installed,To renovate,2,4,3,1933,414,G,Non flood zone,None,6,No,No,Yes,Not a public sale,None,https://www.immoweb.be/en/classified/apartment/for-sale/forest/1190/20261667
20261092,2100,deurne,mixed-use-building,for-sale,642000642000,233,267,9,3,None,Semi equipped,To be done up,2,3,None,1960,204,C,Non flood zone,97,6,None,None,None,Not a public sale,None,https://www.immoweb.be/en/classified/mixed-use-building/for-sale/deurne/2100/20261092
20260146,1180,uccle,apartment,for-sale,295000295000,None,86,2,1,No,Semi equipped,To renovate,3,12,2,1975,206,D,Non flood zone,None,23,No,Yes,Yes,Not a public sale,None,https://www.immoweb.be/en/classified/apartment/for-sale/uccle/1180/20260146
20261665,1190,forest,apartment,for-sale,169000169000,None,57,1,1,No,Not installed,To renovate,2,4,1,1933,366,G,Non flood zone,None,6,No,No,Yes,Not a public sale,None,https://www.immoweb.be/en/classified/apartment/for-sale/forest/1190/20261665
20260785,1090,jette,apartment,for-sale,299000299000,None,128,3,1,No,Installed,Good,2,5,2,1963,405,G,Non flood zone,None,None,No,Yes,None,Not a public sale,None,https://www.immoweb.be/en/classified/apartment/for-sale/jette/1090/20260785
20252354,9600,ronse,house,for-sale,319000319000,767,125,3,1,None,None,To renovate,4,1,None,1988,715,F,Non flood zone,370,None,None,None,Yes,Not a public sale,None,https://www.immoweb.be/en/classified/house/for-sale/ronse/9600/20252354
20257342,1030,schaerbeek,apartment,for-sale,149000149000,None,45,1,1,No,Installed,Good,2,4,1,1935,161,D,Non flood zone,None,None,No,No,Yes,Not a public sale,None,https://www.immoweb.be/en/classified/apartment/for-sale/schaerbeek/1030/20257342
20259523,2170,merksem,apartment,for-sale,209900209900,None,85,2,1,None,Installed,Good,3,3,3,1965,161,B,Non flood zone,None,3,None,None,None,Not a public sale,None,https://www.immoweb.be/en/classified/apartment/for-sale/merksem/2170/20259523
20260954,9500,geraardsbergen,apartment,for-sale,225000225000,None,72,2,1,None,Installed,Good,None,None,1,2007,132,B,Non flood zone,None,9,None,Yes,None,Not a public sale,None,https://www.immoweb.be/en/classified/apartment/for-sale/geraardsbergen/9500/20260954
20257814,6700,arlon-stockem,apartment,for-sale,209000209000,None,65,2,1,None,Installed,Good,2,3,2,1990,315,D,Non flood zone,413,None,None,None,1,Not a public sale,None,https://www.immoweb.be/en/classified/apartment/for-sale/arlon-stockem/6700/20257814
20254019,1180,uccle,apartment,for-sale,445000445000,None,120,2,2,No,Installed,To renovate,2,6,1,1973,292,F,Non flood zone,90,12,No,Yes,Yes,Not a public sale,None,https://www.immoweb.be/en/classified/apartment/for-sale/uccle/1180/20254019
20262766,8310,brugge%20sint-kruis,apartment,for-sale,289000289000,None,90,2,1,No,Semi equipped,To be done up,2,3,1,1994,114,B,Non flood zone,None,5,No,Yes,None,Not a public sale,None,https://www.immoweb.be/en/classified/apartment/for-sale/brugge%20sint-kruis/8310/20262766
20262765,3270,scherpenheuvel,house,for-sale,360000360000,770,174,3,1,None,Installed,Just renovated,2,None,None,1920,254,C,Non flood zone,None,None,None,None,Yes,Not a public sale,None,https://www.immoweb.be/en/classified/house/for-sale/scherpenheuvel/3270/20262765
20262764,1083,ganshoren,apartment,for-sale,220000220000,None,90,2,1,None,None,To renovate,None,7,7,1967,464,G,None,None,7,None,Yes,Yes,Not a public sale,None,https://www.immoweb.be/en/classified/apartment/for-sale/ganshoren/1083/20262764
11162712,1000,brussel,apartment,for-sale,299000299000320000,None,76,2,1,Yes,None,Good,None,None,1,None,77,B,None,None,None,None,Yes,None,Not a public sale,None,https://www.immoweb.be/en/classified/apartment/for-sale/brussel/1000/11162712
20262755,2300,turnhout,house,for-sale,249000249000,None,72,2,1,None,Installed,Good,3,None,None,2001,193,B,Non flood zone,None,7,None,None,None,Not a public sale,None,https://www.immoweb.be/en/classified/house/for-sale/turnhout/2300/20262755
20225932,2300,turnhout,apartment,for-sale,249000249000,None,72,2,1,None,Installed,Good,3,None,None,2001,193,B,Non flood zone,None,7,None,None,None,Not a public sale,None,https://www.immoweb.be/en/classified/apartment/for-sale/turnhout/2300/20225932
20259532,1853,strombeek-bever,mixed-use-building,for-sale,650000650000,320,None,4,2,None,Installed,Good,2,None,None,1965,374,D,None,None,None,None,None,Yes,Not a public sale,None,https://www.immoweb.be/en/classified/mixed-use-building/for-sale/strombeek-bever/1853/20259532
20260511,2850,boom,house,for-sale,410000410000,None,134,3,1,None,Installed,None,3,None,None,2022,24,A,None,32,24,None,None,None,Not a public sale,None,https://www.immoweb.be/en/classified/house/for-sale/boom/2850/20260511
20238092,3070,kortenberg,house,for-sale,329000329000,396,None,3,1,None,None,None,None,None,None,None,None,D,None,None,None,None,None,None,Not a public sale,None,https://www.immoweb.be/en/classified/house/for-sale/kortenberg/3070/20238092
20262754,6700,arlon,apartment,for-sale,270000270000,None,65,1,1,None,Installed,Good,None,3,3,2017,130,B,None,None,None,None,Yes,Yes,Not a public sale,None,https://www.immoweb.be/en/classified/apartment/for-sale/arlon/6700/20262754
20262753,9300,aalst,apartment,for-sale,225000225000,None,102,2,1,None,Installed,Good,2,6,1,None,131,B,Non flood zone,None,None,None,Yes,Yes,Not a public sale,None,https://www.immoweb.be/en/classified/apartment/for-sale/aalst/9300/20262753
20262751,9070,heusden,house,for-sale,490000490000,1425,110,2,1,None,Semi equipped,To renovate,4,None,None,1977,740,F,Non flood zone,None,None,None,None,None,Not a public sale,None,https://www.immoweb.be/en/classified/house/for-sale/heusden/9070/20262751
20262509,2630,aartselaar,apartment-block,for-sale,649000649000,203,220,None,3,None,None,Good,2,3,None,1977,175,B,None,None,None,None,None,None,Not a public sale,None,https://www.immoweb.be/en/classified/apartment-block/for-sale/aartselaar/2630/20262509
20262508,4042,liers,house,for-sale,385000385000,248,152,4,1,No,Installed,As new,2,2,None,2020,100,B,Non flood zone,151,28,No,No,None,Not a public sale,None,https://www.immoweb.be/en/classified/house/for-sale/liers/4042/20262508
20262501,2400,mol,house,for-sale,299000299000,1346,220,3,1,No,Installed,To be done up,4,None,None,1965,644,F,None,1346,26,None,None,Yes,Not a public sale,None,https://www.immoweb.be/en/classified/house/for-sale/mol/2400/20262501
20262500,3000,leuven,flat-studio,for-sale,199000199000,None,25,None,1,Yes,Not installed,Good,2,None,1,1973,182,B,None,None,None,None,Yes,None,Not a public sale,None,https://www.immoweb.be/en/classified/flat-studio/for-sale/leuven/3000/20262500
20262496,2300,turnhout,house,for-sale,229000229000,147,158,3,1,None,Installed,None,2,None,None,1955,227,C,None,None,None,None,None,Yes,Not a public sale,None,https://www.immoweb.be/en/classified/house/for-sale/turnhout/2300/20262496
20262497,2300,turnhout,house,for-sale,249000249000,120,108,3,1,None,Hyper equipped,None,2,None,None,1930,227,C,Non flood zone,None,None,None,None,None,Not a public sale,None,https://www.immoweb.be/en/classified/house/for-sale/turnhout/2300/20262497
20262265,9000,gent,apartment,for-sale,335000335000,None,92,2,1,None,Hyper equipped,Good,2,4,1,2022,45,A,Non flood zone,None,6,None,Yes,None,Not a public sale,None,https://www.immoweb.be/en/classified/apartment/for-sale/gent/9000/20262265
20262360,1495,villers-la-ville,mixed-use-building,for-sale,400000400000,404,290,6,3,No,Semi equipped,Just renovated,3,2,None,1920,135,B,Non flood zone,None,592,None,None,Yes,Not a public sale,Make an offer,https://www.immoweb.be/en/classified/mixed-use-building/for-sale/villers-la-ville/1495/20262360
20262264,9880,aalter,villa,for-sale,11990001199000,3646,482,5,2,No,Hyper equipped,As new,4,2,None,1976,124,B,Non flood zone,None,None,No,No,None,Not a public sale,None,https://www.immoweb.be/en/classified/villa/for-sale/aalter/9880/20262264
20262261,9051,gent%20sint-denijs-westrem,house,for-sale,555000555000,None,None,3,1,No,Hyper equipped,None,2,2,None,2024,None,Not specified,Non flood zone,59,None,No,No,None,Not a public sale,None,https://www.immoweb.be/en/classified/house/for-sale/gent%20sint-denijs-westrem/9051/20262261
20262263,9000,gent,mansion,for-sale,11950001195000,182,415,6,2,No,Not installed,To be done up,2,4,None,1792,269,C,Non flood zone,57,None,None,None,Yes,Not a public sale,None,https://www.immoweb.be/en/classified/mansion/for-sale/gent/9000/20262263
20262259,9230,wetteren,villa,for-sale,522116522116,838,165,3,1,None,Hyper equipped,As new,4,None,None,2024,None,Not specified,Non flood zone,718,23,None,None,None,Not a public sale,None,https://www.immoweb.be/en/classified/villa/for-sale/wetteren/9230/20262259
20262258,9800,deinze,apartment,for-sale,385000385000,None,96,2,2,No,Hyper equipped,As new,4,6,4,2024,None,Not specified,Non flood zone,None,17,No,Yes,Yes,Not a public sale,None,https://www.immoweb.be/en/classified/apartment/for-sale/deinze/9800/20262258
20262260,9800,deinze,apartment,for-sale,245000245000,None,68,1,1,No,Hyper equipped,As new,4,7,1,2024,None,Not specified,Non flood zone,None,14,No,Yes,Yes,Not a public sale,None,https://www.immoweb.be/en/classified/apartment/for-sale/deinze/9800/20262260
20262256,9800,deinze,penthouse,for-sale,400000400000,None,96,2,2,No,Hyper equipped,As new,4,6,6,2024,None,Not specified,Non flood zone,None,17,No,Yes,Yes,Not a public sale,None,https://www.immoweb.be/en/classified/penthouse/for-sale/deinze/9800/20262256
20262254,9800,deinze,apartment,for-sale,375000375000,None,89,2,1,No,Hyper equipped,As new,4,6,5,2024,None,Not specified,Non flood zone,None,24,No,Yes,Yes,Not a public sale,None,https://www.immoweb.be/en/classified/apartment/for-sale/deinze/9800/20262254
20262257,9800,deinze,apartment,for-sale,560000560000,None,130,3,2,No,Hyper equipped,As new,4,7,2,2024,None,Not specified,Non flood zone,None,28,No,Yes,Yes,Not a public sale,None,https://www.immoweb.be/en/classified/apartment/for-sale/deinze/9800/20262257
20254454,2600,berchem,apartment,for-sale,214500214500,None,85,2,1,None,Installed,Good,2,None,6,1968,107,B,Non flood zone,None,3,None,Yes,Yes,Not a public sale,None,https://www.immoweb.be/en/classified/apartment/for-sale/berchem/2600/20254454
20261486,1140,evere,duplex,for-sale,410000410000,None,105,3,2,No,Hyper equipped,As new,2,4,None,2023,40,A,Non flood zone,25,10,No,No,Yes,Not a public sale,None,https://www.immoweb.be/en/classified/duplex/for-sale/evere/1140/20261486
20258704,9000,gent,apartment,for-sale,345000345000,None,103,2,1,No,Installed,Good,None,8,4,1980,129,B,Non flood zone,None,10,None,Yes,Yes,Not a public sale,None,https://www.immoweb.be/en/classified/apartment/for-sale/gent/9000/20258704
20256394,4680,oupeye,house,for-sale,319000319000,1102,260,5,1,No,Not installed,To renovate,4,3,None,1992,328,D,Non flood zone,735,18,No,No,42,Not a public sale,Make an offer,https://www.immoweb.be/en/classified/house/for-sale/oupeye/4680/20256394
20258863,9600,ronse,villa,for-sale,399000399000,992,197,4,1,No,Hyper equipped,Just renovated,4,1,None,1971,371,D,Non flood zone,485,30,No,No,Yes,Not a public sale,None,https://www.immoweb.be/en/classified/villa/for-sale/ronse/9600/20258863
20257259,1300,wavre,house,for-sale,650000650000,2363,262,4,3,No,Installed,Good,4,2,None,1969,314,D,Non flood zone,215,40,No,No,Yes,Not a public sale,None,https://www.immoweb.be/en/classified/house/for-sale/wavre/1300/20257259
20259269,1760,roosdaal,apartment,for-sale,399000399000,None,141,3,1,None,Hyper equipped,Just renovated,None,None,1,None,108,B,Non flood zone,None,65,None,Yes,Yes,Not a public sale,None,https://www.immoweb.be/en/classified/apartment/for-sale/roosdaal/1760/20259269
20261847,9900,eeklo,apartment,for-sale,170000170000,None,98,2,1,None,Semi equipped,To be done up,None,3,2,2001,194,B,Non flood zone,None,None,None,None,None,Not a public sale,None,https://www.immoweb.be/en/classified/apartment/for-sale/eeklo/9900/20261847
20261682,1190,forest,duplex,for-sale,199000199000,None,106,1,1,No,Not installed,To renovate,2,4,4,1933,1069,G,Non flood zone,None,None,No,No,Yes,Not a public sale,None,https://www.immoweb.be/en/classified/duplex/for-sale/forest/1190/20261682
20261513,8400,oostende,service-flat,for-sale,425000425000,None,98,1,1,None,None,Good,None,4,3,2022,None,A,Non flood zone,None,None,None,Yes,Yes,Not a public sale,None,https://www.immoweb.be/en/classified/service-flat/for-sale/oostende/8400/20261513
20259952,1080,molenbeek-saint-jean,apartment,for-sale,265000265000,None,83,2,1,None,Hyper equipped,As new,2,20,7,2020,94,B,Non flood zone,None,4,No,Yes,Yes,Not a public sale,None,https://www.immoweb.be/en/classified/apartment/for-sale/molenbeek-saint-jean/1080/20259952
20261481,9800,deinze,apartment,for-sale,647000647000,None,121,2,2,No,Installed,Good,None,7,6,2024,None,A,Recognized flood zone,None,14,None,Yes,None,Not a public sale,None,https://www.immoweb.be/en/classified/apartment/for-sale/deinze/9800/20261481
20262255,9800,deinze,apartment,for-sale,380000380000,None,94,2,1,No,Hyper equipped,As new,4,7,4,2024,None,Not specified,Non flood zone,None,30,No,Yes,Yes,Not a public sale,None,https://www.immoweb.be/en/classified/apartment/for-sale/deinze/9800/20262255
20262233,8600,diksmuide,apartment,for-sale,299000299000,None,141,2,1,No,None,None,4,3,3,2006,166,B,Non flood zone,None,None,No,Yes,None,Not a public sale,None,https://www.immoweb.be/en/classified/apartment/for-sale/diksmuide/8600/20262233
20262230,8691,stavele%20%28alveringem%29,house,for-sale,395000395000,3289,188,3,1,No,None,None,4,None,None,None,980,F,None,None,None,None,None,Yes,Not a public sale,None,https://www.immoweb.be/en/classified/house/for-sale/stavele%20%28alveringem%29/8691/20262230
20262232,8600,diksmuide,house,for-sale,499000499000,1535,286,6,2,No,None,None,3,None,None,1979,221,C,Non flood zone,None,None,No,No,Yes,Not a public sale,None,https://www.immoweb.be/en/classified/house/for-sale/diksmuide/8600/20262232
20262229,6811,chiny,house,for-sale,325000325000,191,199,4,2,No,None,None,2,None,None,1930,242,C,Non flood zone,None,None,None,None,None,Not a public sale,None,https://www.immoweb.be/en/classified/house/for-sale/chiny/6811/20262229
20262234,6870,hatrival%20%28saint-hubert%29,house,for-sale,230000230000,1545,189,3,1,No,Not installed,None,4,None,None,1899,633,G,None,None,None,None,None,14,Not a public sale,None,https://www.immoweb.be/en/classified/house/for-sale/hatrival%20%28saint-hubert%29/6870/20262234
20262228,1600,sint-pieters-leeuw,house,for-sale,365000365000,321,169,2,1,No,None,None,3,3,None,1976,230,C,Non flood zone,None,None,No,No,None,Not a public sale,None,https://www.immoweb.be/en/classified/house/for-sale/sint-pieters-leeuw/1600/20262228
20262226,2000,antwerpen,house,for-sale,399000399000,42,127,2,1,No,Hyper equipped,None,2,None,None,1937,183,B,Non flood zone,None,12,None,None,Yes,Not a public sale,None,https://www.immoweb.be/en/classified/house/for-sale/antwerpen/2000/20262226
20262222,2000,antwerpen,triplex,for-sale,399000399000,None,127,2,1,No,Hyper equipped,None,2,None,None,1937,183,B,Non flood zone,None,12,None,None,Yes,Not a public sale,None,https://www.immoweb.be/en/classified/triplex/for-sale/antwerpen/2000/20262222
20262188,9700,oudenaarde,apartment,for-sale,329000329000,None,101,2,1,No,Hyper equipped,As new,2,2,2,2024,None,Not specified,Non flood zone,None,8,No,No,None,Not a public sale,None,https://www.immoweb.be/en/classified/apartment/for-sale/oudenaarde/9700/20262188
20262227,8400,oostende,ground-floor,for-sale,179000179000,None,79,1,1,Yes,Installed,Good,2,8,None,2000,395,D,Non flood zone,None,None,Yes,Yes,None,Not a public sale,None,https://www.immoweb.be/en/classified/ground-floor/for-sale/oostende/8400/20262227
20262186,9700,oudenaarde,apartment,for-sale,275000275000,None,86,2,1,No,Hyper equipped,As new,2,2,2,2024,None,Not specified,Non flood zone,None,4,No,No,None,Not a public sale,None,https://www.immoweb.be/en/classified/apartment/for-sale/oudenaarde/9700/20262186
20262099,9000,gent,duplex,for-sale,601900601900,None,146,3,1,No,Hyper equipped,As new,None,4,None,None,None,Not specified,Non flood zone,None,27,No,Yes,None,Not a public sale,None,https://www.immoweb.be/en/classified/duplex/for-sale/gent/9000/20262099
20262118,9700,oudenaarde,apartment,for-sale,329000329000,None,101,2,1,No,Hyper equipped,As new,2,2,1,2024,None,Not specified,Non flood zone,None,8,No,No,None,Not a public sale,None,https://www.immoweb.be/en/classified/apartment/for-sale/oudenaarde/9700/20262118
20262097,9700,oudenaarde,apartment,for-sale,292105292105,None,86,2,1,No,Hyper equipped,As new,2,2,1,2024,None,Not specified,Non flood zone,None,4,No,No,None,Not a public sale,None,https://www.immoweb.be/en/classified/apartment/for-sale/oudenaarde/9700/20262097
20262096,9700,oudenaarde,apartment,for-sale,300000300000,None,89,2,1,No,Hyper equipped,As new,2,2,2,2024,None,Not specified,Non flood zone,None,8,No,No,None,Not a public sale,None,https://www.immoweb.be/en/classified/apartment/for-sale/oudenaarde/9700/20262096
20262094,9700,oudenaarde,apartment,for-sale,313258313258,None,89,2,1,No,Hyper equipped,As new,2,2,1,2024,None,Not specified,Non flood zone,None,8,No,No,None,Not a public sale,None,https://www.immoweb.be/en/classified/apartment/for-sale/oudenaarde/9700/20262094
20262074,8510,bellegem,house,for-sale,475000475000,552,249,3,1,None,None,As new,3,4,None,2006,151,B,None,None,None,No,No,19,Not a public sale,None,https://www.immoweb.be/en/classified/house/for-sale/bellegem/8510/20262074
20262073,3000,leuven,house,for-sale,649000649000,365,200,3,1,None,None,As new,3,3,None,1989,184,B,Non flood zone,145,35,None,No,52,Not a public sale,None,https://www.immoweb.be/en/classified/house/for-sale/leuven/3000/20262073
20262071,9820,merelbeke,house,for-sale,449000449000,220,None,3,1,None,Hyper equipped,Just renovated,4,3,None,1933,397,D,Non flood zone,1,1,No,No,Yes,Not a public sale,None,https://www.immoweb.be/en/classified/house/for-sale/merelbeke/9820/20262071
11490740,8680,koekelare,house,for-sale,7500092275000922,1249,168,3,1,None,Semi equipped,To be done up,4,None,None,1982,450,E,Non flood zone,None,None,None,None,Yes,Not a public sale,None,https://www.immoweb.be/en/classified/house/for-sale/koekelare/8680/11490740
20262066,1210,brussel,apartment,for-sale,245000245000,None,56,1,1,Yes,Installed,None,4,8,1,2011,198,D,Non flood zone,None,None,None,Yes,None,Not a public sale,None,https://www.immoweb.be/en/classified/apartment/for-sale/brussel/1210/20262066
20222293,8680,koekelare,villa,for-sale,7500092275000922,1249,168,3,1,None,Semi equipped,To be done up,4,None,None,1982,450,E,Non flood zone,None,None,None,None,Yes,Not a public sale,None,https://www.immoweb.be/en/classified/villa/for-sale/koekelare/8680/20222293
20249583,2800,mechelen,apartment,for-sale,349000349000,None,87,2,1,None,Installed,As new,3,2,1,2012,186,B,Non flood zone,None,12,None,Yes,Yes,Not a public sale,None,https://www.immoweb.be/en/classified/apartment/for-sale/mechelen/2800/20249583
20262065,1000,brussel,apartment,for-sale,215000215000,None,37,1,1,Yes,Installed,Good,2,5,None,None,496,G,Non flood zone,None,18,None,Yes,None,Not a public sale,None,https://www.immoweb.be/en/classified/apartment/for-sale/brussel/1000/20262065
20257839,6880,bertrix,house,for-sale,175000175000,173,85,3,1,None,Semi equipped,Good,2,None,None,1959,198,C,Non flood zone,107,20,None,None,Yes,Not a public sale,None,https://www.immoweb.be/en/classified/house/for-sale/bertrix/6880/20257839
20262064,1000,brussel,apartment,for-sale,245000245000,None,47,1,1,Yes,Installed,Good,3,8,7,2010,257,E,Non flood zone,None,2,None,Yes,None,Not a public sale,None,https://www.immoweb.be/en/classified/apartment/for-sale/brussel/1000/20262064
20257844,6720,habay-habay-la-neuve,house,for-sale,425000425000,490,128,2,1,None,Installed,Good,4,None,None,1938,455,F,Non flood zone,372,None,None,None,Yes,Not a public sale,None,https://www.immoweb.be/en/classified/house/for-sale/habay-habay-la-neuve/6720/20257844
20260390,2140,borgerhout,duplex,for-sale,169000169000,None,112,2,1,None,None,To renovate,2,3,2,None,976,F,Non flood zone,None,27,None,None,Yes,Not a public sale,None,https://www.immoweb.be/en/classified/duplex/for-sale/borgerhout/2140/20260390
20257884,2610,wilrijk,apartment,for-sale,215000215000,None,84,2,1,None,Installed,Good,3,8,8,1957,210,C,Non flood zone,None,4,None,Yes,None,Not a public sale,None,https://www.immoweb.be/en/classified/apartment/for-sale/wilrijk/2610/20257884
20253580,2140,borgerhout,apartment,for-sale,169000169000,None,112,2,1,None,None,To renovate,2,3,2,None,976,F,Non flood zone,None,27,None,None,Yes,Not a public sale,None,https://www.immoweb.be/en/classified/apartment/for-sale/borgerhout/2140/20253580
20258652,8450,bredene,apartment,for-sale,179000179000,None,55,2,1,None,Installed,Good,None,3,None,2007,254,C,Non flood zone,None,21,None,None,None,Not a public sale,None,https://www.immoweb.be/en/classified/apartment/for-sale/bredene/8450/20258652
20258499,8400,oostende,apartment,for-sale,269000269000,None,91,2,1,No,Hyper equipped,Just renovated,None,6,5,1977,225,C,Non flood zone,None,4,None,Yes,2,Not a public sale,None,https://www.immoweb.be/en/classified/apartment/for-sale/oostende/8400/20258499
20260111,4990,lierneux,house,for-sale,375000375000,1627,183,3,1,None,Installed,Good,4,None,None,1990,418,E,Non flood zone,1415,63,No,No,110,Not a public sale,None,https://www.immoweb.be/en/classified/house/for-sale/lierneux/4990/20260111
20257836,6700,arlon,apartment,for-sale,169000169000,None,49,1,1,None,Semi equipped,Good,2,None,None,2006,180,C,Non flood zone,None,None,Yes,Yes,1,Not a public sale,None,https://www.immoweb.be/en/classified/apartment/for-sale/arlon/6700/20257836
20257887,2100,deurne,apartment,for-sale,199000199000,None,98,2,1,None,Installed,Good,3,17,11,1964,205,C,Non flood zone,None,3,None,Yes,2,Not a public sale,None,https://www.immoweb.be/en/classified/apartment/for-sale/deurne/2100/20257887
20260462,2830,willebroek,penthouse,for-sale,299000299000,None,125,3,1,None,Installed,Good,2,None,2,None,127,B,Non flood zone,None,7,None,Yes,None,Not a public sale,None,https://www.immoweb.be/en/classified/penthouse/for-sale/willebroek/2830/20260462
20258024,8370,blankenberge,apartment,for-sale,425000425000,None,124,3,1,None,Installed,As new,2,10,8,1980,112,B,Non flood zone,None,None,None,None,Yes,Not a public sale,None,https://www.immoweb.be/en/classified/apartment/for-sale/blankenberge/8370/20258024
20253578,2140,borgerhout,mixed-use-building,for-sale,169000169000,97,112,2,1,None,None,To renovate,2,3,None,None,976,F,Non flood zone,None,27,None,None,Yes,Not a public sale,None,https://www.immoweb.be/en/classified/mixed-use-building/for-sale/borgerhout/2140/20253578
20252770,1030,schaerbeek,apartment,for-sale,430000430000,None,100,2,1,No,Hyper equipped,As new,3,5,4,2004,106,C,Non flood zone,None,10,No,Yes,Yes,Not a public sale,None,https://www.immoweb.be/en/classified/apartment/for-sale/schaerbeek/1030/20252770
20261700,2630,aartselaar,apartment,for-sale,499000499000,None,138,2,1,No,None,Good,None,2,1,1990,157,B,Non flood zone,None,30,None,None,None,Not a public sale,None,https://www.immoweb.be/en/classified/apartment/for-sale/aartselaar/2630/20261700
20256665,4102,seraing,house,for-sale,220000220000,230,125,4,1,No,Installed,As new,2,2,None,1930,338,D,Non flood zone,120,25,None,None,29,Not a public sale,None,https://www.immoweb.be/en/classified/house/for-sale/seraing/4102/20256665
20261499,8300,knokke,apartment,for-sale,699000699000,None,102,2,2,None,Installed,Good,2,6,2,2005,68,A,Non flood zone,None,None,None,Yes,Yes,Not a public sale,None,https://www.immoweb.be/en/classified/apartment/for-sale/knokke/8300/20261499
20253465,4480,engis,house,for-sale,260000260000,696,152,4,1,None,Installed,Good,4,2,None,1964,279,D,Non flood zone,559,27,No,No,Yes,Not a public sale,None,https://www.immoweb.be/en/classified/house/for-sale/engis/4480/20253465
20253598,9660,brakel,house,for-sale,317500317500,319,220,4,1,No,None,Good,2,4,None,1938,286,C,Non flood zone,None,None,None,None,70,Not a public sale,None,https://www.immoweb.be/en/classified/house/for-sale/brakel/9660/20253598
20257815,6810,chiny-jamoigne,house,for-sale,320000320000,292,197,4,1,None,Installed,As new,3,None,None,1961,251,C,Non flood zone,222,None,None,None,Yes,Not a public sale,None,https://www.immoweb.be/en/classified/house/for-sale/chiny-jamoigne/6810/20257815
20257825,6720,habay-habay-la-neuve,house,for-sale,420000420000,461,180,4,1,None,Installed,As new,3,None,None,1899,248,C,Non flood zone,354,None,None,None,Yes,Not a public sale,None,https://www.immoweb.be/en/classified/house/for-sale/habay-habay-la-neuve/6720/20257825
20257810,6890,libin-transinne,exceptional-property,for-sale,349000349000,969,232,2,1,None,Installed,Good,4,None,None,1850,358,E,Non flood zone,605,None,None,None,Yes,Not a public sale,None,https://www.immoweb.be/en/classified/exceptional-property/for-sale/libin-transinne/6890/20257810
20257595,2830,tisselt,house,for-sale,649000649000,400,267,5,2,None,Installed,As new,None,None,None,2019,86,A,None,None,None,None,None,None,Not a public sale,None,https://www.immoweb.be/en/classified/house/for-sale/tisselt/2830/20257595
20262062,2630,aartselaar,apartment,for-sale,219000219000,None,None,2,1,None,Installed,Good,None,None,2,1968,242,C,None,None,4,None,None,Yes,Not a public sale,None,https://www.immoweb.be/en/classified/apartment/for-sale/aartselaar/2630/20262062
20262061,1190,forest,apartment,for-sale,275000275000,None,95,2,1,No,Installed,Good,3,5,4,None,250,E,None,None,3,No,Yes,None,Not a public sale,None,https://www.immoweb.be/en/classified/apartment/for-sale/forest/1190/20262061
20262024,1050,ixelles,apartment,for-sale,445000445000,None,65,1,1,No,Hyper equipped,As new,2,9,7,2019,77,B,Non flood zone,None,18,No,Yes,Yes,Not a public sale,None,https://www.immoweb.be/en/classified/apartment/for-sale/ixelles/1050/20262024
20262023,1050,ixelles,penthouse,for-sale,18800001880000,None,345,4,4,No,Hyper equipped,As new,2,10,9,1956,315,F,Non flood zone,None,90,No,Yes,None,Not a public sale,None,https://www.immoweb.be/en/classified/penthouse/for-sale/ixelles/1050/20262023
20262015,9112,sint-niklaas,house,for-sale,625000625000,424,280,5,2,None,Installed,Good,3,None,None,2013,65,A,Non flood zone,125,35,None,None,None,Not a public sale,None,https://www.immoweb.be/en/classified/house/for-sale/sint-niklaas/9112/20262015
20262020,9270,laarne,ground-floor,for-sale,385000385000,None,117,2,1,No,Hyper equipped,As new,None,None,None,2012,142,B,None,None,None,None,None,None,Not a public sale,None,https://www.immoweb.be/en/classified/ground-floor/for-sale/laarne/9270/20262020
20262004,7134,leval-trahegnies,house,for-sale,230000230000,None,148,None,None,No,None,As new,None,None,None,None,234,C,None,None,None,No,No,None,Not a public sale,None,https://www.immoweb.be/en/classified/house/for-sale/leval-trahegnies/7134/20262004
20262003,7100,la%20louvi%C3%A8re,house,for-sale,210000210000,None,131,None,None,No,None,As new,None,None,None,None,235,C,None,None,None,No,No,None,Not a public sale,None,https://www.immoweb.be/en/classified/house/for-sale/la%20louvi%C3%A8re/7100/20262003
20261987,1120,bruxelles,house,for-sale,390000390000,239,244,5,3,No,None,To renovate,2,None,None,None,None,G,None,120,20,None,None,Yes,Not a public sale,None,https://www.immoweb.be/en/classified/house/for-sale/bruxelles/1120/20261987
20261999,2650,edegem,house,for-sale,974000974000,598,233,4,1,None,Hyper equipped,As new,3,2,None,2011,117,B,None,None,None,Yes,None,None,Not a public sale,None,https://www.immoweb.be/en/classified/house/for-sale/edegem/2650/20261999
20261989,8301,heist-aan-zee,house,for-sale,865000865000,242,210,5,2,None,None,As new,3,3,None,1960,77,A,Non flood zone,None,45,None,No,None,Not a public sale,None,https://www.immoweb.be/en/classified/house/for-sale/heist-aan-zee/8301/20261989
11078678,2400,mol,apartment,for-sale,289000289000299000,None,105,2,1,None,None,As new,None,None,2,2007,37,A,None,None,15,None,Yes,None,Not a public sale,None,https://www.immoweb.be/en/classified/apartment/for-sale/mol/2400/11078678
20261986,4130,esneux,town-house,for-sale,320000320000,263,116,2,1,No,Hyper equipped,As new,4,2,None,1963,136,B,None,120,101,No,No,Yes,Not a public sale,None,https://www.immoweb.be/en/classified/town-house/for-sale/esneux/4130/20261986
20261985,4020,li%C3%A8ge,apartment,for-sale,188000188000,None,93,2,1,No,Installed,Good,2,9,2,1974,185,C,Non flood zone,None,5,No,Yes,Yes,Not a public sale,None,https://www.immoweb.be/en/classified/apartment/for-sale/li%C3%A8ge/4020/20261985
20261983,8820,torhout,house,for-sale,659000659000,3576,208,3,1,None,None,Good,4,2,None,1956,143,B,Non flood zone,2900,None,None,No,11,Not a public sale,None,https://www.immoweb.be/en/classified/house/for-sale/torhout/8820/20261983
20261982,3000,leuven,apartment,for-sale,590000590000,None,162,3,1,None,None,As new,2,5,4,1970,176,B,Non flood zone,None,None,None,Yes,20,Not a public sale,None,https://www.immoweb.be/en/classified/apartment/for-sale/leuven/3000/20261982
20234958,2560,nijlen,house,for-sale,223500223500,540,143,3,1,No,None,To renovate,2,None,None,1959,845,F,Non flood zone,None,None,None,None,None,Not a public sale,None,https://www.immoweb.be/en/classified/house/for-sale/nijlen/2560/20234958
20261981,3960,bree,house,for-sale,360000360000,389,188,4,1,None,None,As new,4,None,None,1965,104,B,Non flood zone,None,None,None,None,None,Not a public sale,None,https://www.immoweb.be/en/classified/house/for-sale/bree/3960/20261981
20261949,2950,kapellen,house,for-sale,199000199000,310,132,3,1,None,None,Good,None,3,None,None,718,F,None,None,None,None,None,None,Not a public sale,None,https://www.immoweb.be/en/classified/house/for-sale/kapellen/2950/20261949
20261884,9520,vlierzele,apartment,for-sale,195000195000,None,None,2,1,No,None,Good,None,None,None,None,472,E,Non flood zone,None,None,None,None,Yes,Not a public sale,Make an offer,https://www.immoweb.be/en/classified/apartment/for-sale/vlierzele/9520/20261884
20111392,3665,as,apartment,for-sale,299900299900349000,None,None,3,1,None,None,As new,None,None,1,None,226,C,Non flood zone,1,None,None,None,None,Not a public sale,None,https://www.immoweb.be/en/classified/apartment/for-sale/as/3665/20111392
20261883,2580,putte,apartment,for-sale,309392309392,None,91,2,1,None,Hyper equipped,None,None,2,None,2024,None,Not specified,None,None,None,None,Yes,None,Not a public sale,None,https://www.immoweb.be/en/classified/apartment/for-sale/putte/2580/20261883
20261882,2590,berlaar,apartment,for-sale,369000369000,None,93,2,1,None,Hyper equipped,None,None,2,None,2023,2,A,Non flood zone,None,None,None,Yes,None,Not a public sale,None,https://www.immoweb.be/en/classified/apartment/for-sale/berlaar/2590/20261882
20261878,2580,putte,apartment,for-sale,277973277973,None,82,1,1,None,Hyper equipped,None,None,2,None,2024,None,Not specified,None,None,None,None,Yes,None,Not a public sale,None,https://www.immoweb.be/en/classified/apartment/for-sale/putte/2580/20261878
20261879,2580,putte,apartment,for-sale,317609317609,None,95,2,1,None,Hyper equipped,None,None,2,1,2024,None,Not specified,None,None,None,None,Yes,None,Not a public sale,None,https://www.immoweb.be/en/classified/apartment/for-sale/putte/2580/20261879
20261876,2580,putte,apartment,for-sale,289726289726,None,82,1,1,None,Hyper equipped,None,None,2,1,2024,None,Not specified,None,None,None,None,Yes,None,Not a public sale,None,https://www.immoweb.be/en/classified/apartment/for-sale/putte/2580/20261876
20261880,2580,putte,apartment,for-sale,261793261793,None,77,1,1,None,Hyper equipped,None,None,2,None,2024,None,Not specified,None,None,None,None,Yes,None,Not a public sale,None,https://www.immoweb.be/en/classified/apartment/for-sale/putte/2580/20261880
20257841,6700,arlon-bonnert,villa,for-sale,560000560000,1690,119,3,1,None,Semi equipped,As new,4,None,None,1990,408,E,Non flood zone,1564,None,None,None,Yes,Not a public sale,None,https://www.immoweb.be/en/classified/villa/for-sale/arlon-bonnert/6700/20257841
20258373,1050,ixelles,flat-studio,for-sale,165000165000,None,17,1,1,Yes,Not installed,As new,2,4,4,2015,114,C,Non flood zone,None,None,No,Yes,None,Not a public sale,None,https://www.immoweb.be/en/classified/flat-studio/for-sale/ixelles/1050/20258373
20257813,6740,etalle-buzenol,exceptional-property,for-sale,640000640000,2760,248,5,2,None,USA semi equipped,As new,4,None,None,1994,175,C,Non flood zone,2635,46,None,None,None,Not a public sale,None,https://www.immoweb.be/en/classified/exceptional-property/for-sale/etalle-buzenol/6740/20257813
20258665,9820,merelbeke,apartment,for-sale,284000284000,None,76,2,1,No,None,Good,None,3,2,2006,143,B,Non flood zone,None,3,None,Yes,None,Not a public sale,None,https://www.immoweb.be/en/classified/apartment/for-sale/merelbeke/9820/20258665
20261418,8500,kortrijk,apartment,for-sale,275000275000,None,103,2,1,None,Semi equipped,Good,2,5,2,1980,108,B,Non flood zone,None,None,None,Yes,Yes,Not a public sale,None,https://www.immoweb.be/en/classified/apartment/for-sale/kortrijk/8500/20261418
20245246,2640,mortsel,ground-floor,for-sale,279000279000,None,110,2,1,None,USA installed,Just renovated,3,None,None,1969,386,D,Possible flood zone,200,20,None,Yes,Yes,Not a public sale,None,https://www.immoweb.be/en/classified/ground-floor/for-sale/mortsel/2640/20245246
20261088,1180,uccle,town-house,for-sale,699000699000,150,190,3,1,No,Installed,To renovate,2,3,None,1960,386,G,Non flood zone,85,3,No,No,None,Not a public sale,None,https://www.immoweb.be/en/classified/town-house/for-sale/uccle/1180/20261088
20261877,2580,putte,apartment,for-sale,449358449358,None,130,3,1,None,Hyper equipped,None,None,2,2,2024,None,Not specified,None,None,None,None,Yes,None,Not a public sale,None,https://www.immoweb.be/en/classified/apartment/for-sale/putte/2580/20261877
20261872,2580,putte,apartment,for-sale,339992339992,None,100,2,1,None,Hyper equipped,None,None,2,1,2024,None,Not specified,None,None,None,None,Yes,None,Not a public sale,None,https://www.immoweb.be/en/classified/apartment/for-sale/putte/2580/20261872
20261315,1020,laeken,villa,for-sale,599000599000,1200,200,4,1,No,Installed,To renovate,4,1,None,1978,474,G,Non flood zone,1000,120,No,No,None,Not a public sale,None,https://www.immoweb.be/en/classified/villa/for-sale/laeken/1020/20261315
20261873,2220,heist-op-den-berg,house,for-sale,548000548000,998,272,5,3,None,Hyper equipped,None,None,None,None,2013,154,B,Non flood zone,None,None,None,None,None,Not a public sale,None,https://www.immoweb.be/en/classified/house/for-sale/heist-op-den-berg/2220/20261873
20261874,2580,putte,apartment,for-sale,333325333325,None,100,2,1,None,Hyper equipped,None,None,2,None,2024,None,Not specified,None,None,None,None,Yes,None,Not a public sale,None,https://www.immoweb.be/en/classified/apartment/for-sale/putte/2580/20261874
20261871,9270,laarne,mixed-use-building,for-sale,980000980000,785,110,3,1,None,None,To be done up,None,None,None,1995,281,C,None,None,None,None,None,None,Not a public sale,None,https://www.immoweb.be/en/classified/mixed-use-building/for-sale/laarne/9270/20261871
20261869,9000,gent,apartment,for-sale,395000395000,None,84,2,1,No,None,To be done up,None,6,2,1981,174,B,Non flood zone,None,None,None,Yes,None,Not a public sale,None,https://www.immoweb.be/en/classified/apartment/for-sale/gent/9000/20261869
20176096,4820,dison,house,for-sale,159000159000175000,145,233,10,2,No,None,None,2,None,None,1930,249,C,None,None,None,None,None,35,Not a public sale,None,https://www.immoweb.be/en/classified/house/for-sale/dison/4820/20176096
20261863,9000,gent,apartment-block,for-sale,899000899000,212,212,3,3,No,None,None,None,None,None,None,245,C,Non flood zone,None,None,None,None,Yes,Not a public sale,None,https://www.immoweb.be/en/classified/apartment-block/for-sale/gent/9000/20261863
20261862,5660,br%C3%9Bly-de-pesche,house,for-sale,199000199000,3150,88,2,1,None,USA installed,None,4,None,None,None,None,Not specified,None,None,None,None,None,None,Not a public sale,Make an offer,https://www.immoweb.be/en/classified/house/for-sale/br%C3%9Bly-de-pesche/5660/20261862
20261860,2300,turnhout,house,for-sale,319000319000,400,122,2,1,None,Installed,As new,2,None,None,1932,None,Not specified,Non flood zone,340,None,None,None,None,Not a public sale,None,https://www.immoweb.be/en/classified/house/for-sale/turnhout/2300/20261860
20261858,9988,watervliet,house,for-sale,319000319000,1216,None,3,1,None,None,To renovate,None,None,None,1970,889,F,Non flood zone,None,None,None,None,None,Not a public sale,None,https://www.immoweb.be/en/classified/house/for-sale/watervliet/9988/20261858
20261856,9940,evergem,apartment,for-sale,230000230000,None,100,3,1,None,None,Good,None,None,None,1969,331,D,Non flood zone,None,None,None,Yes,None,Not a public sale,None,https://www.immoweb.be/en/classified/apartment/for-sale/evergem/9940/20261856
11467205,8560,wevelgem,house,for-sale,180000180000195000,261,149,3,None,None,None,To renovate,None,None,None,1963,743,F,None,None,None,None,None,Yes,Not a public sale,None,https://www.immoweb.be/en/classified/house/for-sale/wevelgem/8560/11467205
20261854,8930,menen,house,for-sale,298000298000,571,264,6,3,No,None,Good,None,None,None,1957,290,C,Non flood zone,None,None,None,None,Yes,Not a public sale,None,https://www.immoweb.be/en/classified/house/for-sale/menen/8930/20261854
20261853,8560,wevelgem,house,for-sale,149000149000,464,140,2,1,None,None,To renovate,None,None,None,None,812,F,None,None,None,None,None,None,Not a public sale,None,https://www.immoweb.be/en/classified/house/for-sale/wevelgem/8560/20261853
20261852,8880,ledegem,house,for-sale,168000168000,None,None,2,1,None,None,Good,None,None,None,None,336,D,None,None,None,None,None,None,Not a public sale,None,https://www.immoweb.be/en/classified/house/for-sale/ledegem/8880/20261852
20261857,8510,marke,house,for-sale,225000225000,270,155,4,1,None,None,To renovate,None,None,None,1953,350,D,Non flood zone,None,None,None,None,Yes,Not a public sale,None,https://www.immoweb.be/en/classified/house/for-sale/marke/8510/20261857
20261855,8501,heule,house,for-sale,125000125000,87,149,2,1,None,None,To renovate,None,None,None,1918,430,E,Non flood zone,None,None,None,None,Yes,Not a public sale,None,https://www.immoweb.be/en/classified/house/for-sale/heule/8501/20261855
20261851,8550,zwevegem,house,for-sale,225000225000,210,124,3,None,None,None,To be done up,None,None,None,1919,313,D,Non flood zone,None,None,None,None,Yes,Not a public sale,None,https://www.immoweb.be/en/classified/house/for-sale/zwevegem/8550/20261851
20261850,8560,gullegem,house,for-sale,465000465000,775,313,4,1,None,None,Good,None,None,None,1978,185,B,Non flood zone,None,None,None,None,None,Not a public sale,None,https://www.immoweb.be/en/classified/house/for-sale/gullegem/8560/20261850
20261846,8510,marke,villa,for-sale,485000485000,842,None,3,None,None,None,None,None,None,None,1967,321,D,Non flood zone,None,None,None,None,None,Not a public sale,None,https://www.immoweb.be/en/classified/villa/for-sale/marke/8510/20261846
20261844,2020,antwerpen%20%282020%29,apartment,for-sale,229000229000,None,None,2,1,No,None,To renovate,None,None,2,1961,184,B,Non flood zone,None,4,None,None,None,Not a public sale,None,https://www.immoweb.be/en/classified/apartment/for-sale/antwerpen%20%282020%29/2020/20261844
20261845,8300,knokke-heist,apartment,for-sale,28860002886000,None,156,4,3,None,None,Good,None,12,4,2020,100,A,Non flood zone,None,None,None,Yes,Yes,Not a public sale,None,https://www.immoweb.be/en/classified/apartment/for-sale/knokke-heist/8300/20261845
20261838,3690,zutendaal,chalet,for-sale,6500065000,836,27,None,None,No,Not installed,To renovate,None,None,None,1970,1395,F,Non flood zone,None,None,None,None,None,Not a public sale,None,https://www.immoweb.be/en/classified/chalet/for-sale/zutendaal/3690/20261838
20261840,8540,deerlijk,house,for-sale,268000268000,597,160,3,1,No,None,Good,None,None,None,1938,365,D,Non flood zone,None,None,None,None,Yes,Not a public sale,None,https://www.immoweb.be/en/classified/house/for-sale/deerlijk/8540/20261840
20257893,1082,berchem-sainte-agathe,apartment,for-sale,259000259000,None,100,3,1,None,Installed,Just renovated,3,5,4,None,436,G,Non flood zone,None,3,None,Yes,Yes,Not a public sale,None,https://www.immoweb.be/en/classified/apartment/for-sale/berchem-sainte-agathe/1082/20257893
20257821,6700,arlon-freylange,apartment,for-sale,275000275000,None,65,2,1,None,Installed,Good,3,2,None,2007,433,F,Non flood zone,None,17,None,None,1,Not a public sale,None,https://www.immoweb.be/en/classified/apartment/for-sale/arlon-freylange/6700/20257821
20255745,3500,hasselt,apartment,for-sale,299000299000,None,65,1,1,None,None,Good,None,4,2,2021,65,A,Non flood zone,None,15,None,Yes,Yes,Not a public sale,None,https://www.immoweb.be/en/classified/apartment/for-sale/hasselt/3500/20255745
